datetime_utc, _conds, _dewptm, _fog, _hail, _heatindexm, _hum, _precipm, _pressurem, _rain, _snow, _tempm
19961101-11:00,Smoke,9,0,0,,27,,1010,0,0,30
19961101-12:00,Smoke,10,0,0,,32,,-9999,0,0,28
19961101-13:00,Smoke,11,0,0,,44,,-9999,0,0,24
19961101-14:00,Smoke,10,0,0,,41,,1010,0,0,24
19961101-16:00,Smoke,11,0,0,,47,,1011,0,0,23
19961101-17:00,Smoke,12,0,0,,56,,1011,0,0,21
19961101-18:00,Smoke,13,0,0,,60,,1010,0,0,21
19961101-19:00,Smoke,13,0,0,,60,,-9999,0,0,21
19961101-20:00,Smoke,13,0,0,,68,,-9999,0,0,19
19961101-21:00,Smoke,13,0,0,,68,,1010,0,0,19
19961101-22:00,Smoke,13,0,0,,68,,1009,0,0,19
19961101-23:00,Smoke,12,0,0,,64,,1009,0,0,19
19961102-00:00,Smoke,11,0,0,,60,,1010,0,0,19
19961102-01:00,Smoke,11,0,0,,60,,1010,0,0,19
19961102-02:00,Smoke,10,0,0,,52,,1011,0,0,20
19961102-03:00,Smoke,10,0,0,,46,,1012,0,0,22
19961102-04:00,Smoke,10,0,0,,44,,1012,0,0,23
19961102-05:00,Smoke,11,0,0,,39,,1012,0,0,26
19961102-06:00,Clear,10,0,0,,32,,1011,0,0,28
19961102-07:00,Clear,10,0,0,,29,,1010,0,0,30
19961102-08:00,Clear,8,0,0,,24,,1009,0,0,31
19961102-09:00,Clear,7,0,0,,22,,1009,0,0,31
19961102-10:00,Clear,7,0,0,,22,,1009,0,0,31
19961102-11:00,Smoke,8,0,0,,25,,1009,0,0,30
19961102-12:00,Smoke,10,0,0,,34,,1009,0,0,27
19961102-13:00,Smoke,11,0,0,,41,,1009,0,0,25
19961102-14:00,Smoke,12,0,0,,53,,1010,0,0,22
19961102-15:00,Smoke,12,0,0,,56,,1010,0,0,21
19961102-16:00,Smoke,12,0,0,,64,,1010,0,0,19
19961102-17:00,Smoke,12,0,0,,60,,1010,0,0,20
19961102-18:00,Smoke,12,0,0,,64,,1009,0,0,19
19961102-19:00,Smoke,11,0,0,,60,,1009,0,0,19
19961102-20:00,Smoke,11,0,0,,68,,1009,0,0,17
19961102-21:00,Smoke,11,0,0,,68,,1009,0,0,17
19961102-22:00,Smoke,12,0,0,,72,,1009,0,0,17
19961102-23:00,Smoke,12,0,0,,72,,1009,0,0,17
19961103-00:00,Smoke,11,0,0,,68,,1010,0,0,17
19961103-01:00,Smoke,11,0,0,,72,,1011,0,0,16
19961103-02:00,Smoke,10,0,0,,63,,1011,0,0,17
19961103-03:00,Smoke,12,0,0,,64,,1012,0,0,19
19961103-04:00,Smoke,12,0,0,,53,,1012,0,0,22
19961103-05:00,Smoke,14,0,0,,60,,1012,0,0,22
19961103-06:00,Smoke,13,0,0,,44,,1011,0,0,26
19961103-07:00,Smoke,9,0,0,,30,,1010,0,0,28
19961103-08:00,Smoke,11,0,0,,35,,1010,0,0,28
19961103-09:00,Smoke,11,0,0,,33,,1009,0,0,29
19961103-10:00,Smoke,11,0,0,,33,,1009,0,0,29
19961103-11:00,Smoke,12,0,0,26.8,39,,1009,0,0,27
19961103-12:00,Smoke,12,0,0,,42,,1010,0,0,26
19961103-13:00,Smoke,14,0,0,,60,,1010,0,0,22
19961103-14:00,Smoke,13,0,0,,57,,1011,0,0,22
19961103-15:00,Smoke,13,0,0,,60,,1011,0,0,21
19961103-16:00,Smoke,12,0,0,,56,,1011,0,0,21
19961103-17:00,Smoke,13,0,0,,64,,1011,0,0,20
19961103-18:00,Smoke,12,0,0,,60,,1011,0,0,20
19961103-19:00,Smoke,12,0,0,,64,,1011,0,0,19
19961103-20:00,Smoke,13,0,0,,68,,1010,0,0,19
19961103-21:00,Smoke,12,0,0,,64,,1010,0,0,19
19961103-22:00,Smoke,13,0,0,,77,,1010,0,0,17
19961103-23:00,Smoke,13,0,0,,77,,1010,0,0,17
19961104-00:00,Smoke,12,0,0,,68,,1011,0,0,18
19961104-01:00,Clear,11,0,0,,77,,1012,0,0,15
19961104-02:00,Smoke,11,0,0,,68,,1013,0,0,17
19961104-03:00,Smoke,12,0,0,,60,,1014,0,0,20
19961104-05:00,Smoke,12,0,0,,42,,1013,0,0,26
19961104-06:00,Smoke,12,0,0,27.5,37,,1013,0,0,28
19961104-07:00,Smoke,10,0,0,,32,,1012,0,0,28
19961104-08:00,Smoke,8,0,0,,27,,1011,0,0,29
19961104-09:00,Smoke,9,0,0,,29,,1010,0,0,29
19961104-10:00,Smoke,7,0,0,,25,,1010,0,0,29
19961104-11:00,Smoke,10,0,0,,34,,1010,0,0,27
19961104-12:00,Smoke,10,0,0,,39,,1010,0,0,25
19961104-13:00,Smoke,10,0,0,,44,,1011,0,0,23
19961104-16:00,Smoke,9,0,0,,46,,1011,0,0,21
19961104-17:00,Smoke,9,0,0,,46,,1011,0,0,21
19961104-18:00,Smoke,10,0,0,,59,,1011,0,0,18
19961104-19:00,Haze,11,0,0,,64,,1011,0,0,18
19961104-21:00,Haze,11,0,0,,68,,1010,0,0,17
19961105-04:00,Smoke,9,0,0,,38,,1013,0,0,24
19961105-05:00,Smoke,9,0,0,,34,,1013,0,0,26
19961105-06:00,Smoke,8,0,0,,27,,1012,0,0,29
19961105-07:00,Smoke,7,0,0,,23,,1011,0,0,30
19961105-08:00,Smoke,8,0,0,,25,,1010,0,0,30
19961106-07:00,Smoke,9,0,0,,30,,1012,0,0,28
19961106-08:00,Smoke,7,0,0,,25,,1011,0,0,29
19961106-09:00,Smoke,8,0,0,,27,,1011,0,0,29
19961106-10:00,Smoke,5,0,0,,22,,1010,0,0,29
19961106-11:00,Smoke,7,0,0,,26,,1010,0,0,28
19961106-12:00,Smoke,7,0,0,,32,,1011,0,0,25
19961106-13:00,Smoke,8,0,0,,36,,1012,0,0,24
19961106-14:00,Smoke,10,0,0,,52,,1012,0,0,20
19961106-15:00,Smoke,10,0,0,,56,,1013,0,0,19
19961106-17:00,Smoke,10,0,0,,56,,1013,0,0,19
19961106-18:00,Smoke,10,0,0,,56,,1013,0,0,19
19961106-19:00,Smoke,10,0,0,,59,,1013,0,0,18
19961106-20:00,Smoke,11,0,0,,68,,1012,0,0,17
19961106-21:00,Smoke,11,0,0,,72,,1012,0,0,16
19961106-22:00,Smoke,11,0,0,,72,,1012,0,0,16
19961106-23:00,Smoke,11,0,0,,77,,1012,0,0,15
19961107-00:00,Smoke,11,0,0,,77,,1012,0,0,15
19961107-01:00,Smoke,11,0,0,,68,,1013,0,0,17
19961107-02:00,Smoke,10,0,0,,59,,1014,0,0,18
19961107-03:00,Smoke,12,0,0,,64,,1015,0,0,19
19961107-04:00,Smoke,13,0,0,,53,,1015,0,0,23
19961107-05:00,Smoke,13,0,0,,47,,1015,0,0,25
19961107-06:00,Smoke,11,0,0,,37,,1014,0,0,27
19961107-07:00,Clear,11,0,0,,33,,1013,0,0,29
19961107-08:00,Clear,8,0,0,,27,,1012,0,0,29
19961107-09:00,Clear,8,0,0,,25,,1012,0,0,30
19961107-10:00,Smoke,7,0,0,,23,,1012,0,0,30
19961107-11:00,Smoke,7,0,0,,25,,1012,0,0,29
19961107-12:00,Smoke,9,0,0,,36,,1013,0,0,25
19961107-13:00,Smoke,9,0,0,,38,,1013,0,0,24
19961107-14:00,Smoke,10,0,0,,46,,1014,0,0,22
19961107-15:00,Smoke,9,0,0,,49,,1014,0,0,20
19961107-16:00,Smoke,9,0,0,,52,,1014,0,0,19
19961107-17:00,Smoke,9,0,0,,52,,1014,0,0,19
19961107-18:00,Smoke,8,0,0,,49,,1014,0,0,19
19961107-19:00,Smoke,8,0,0,,52,,1014,0,0,18
19961107-20:00,Smoke,9,0,0,,59,,1014,0,0,17
19961107-21:00,Smoke,9,0,0,,59,,1013,0,0,17
19961107-22:00,Smoke,8,0,0,,59,,1013,0,0,16
19961107-23:00,Smoke,8,0,0,,63,,1013,0,0,15
19961108-00:00,Smoke,7,0,0,,59,,1014,0,0,15
19961108-01:00,Smoke,,0,0,,N/A,,1014,0,0,
19961108-02:00,Smoke,8,0,0,,59,,1015,0,0,16
19961108-03:00,Smoke,7,0,0,,49,,1016,0,0,18
19961108-04:00,Smoke,9,0,0,,46,,1016,0,0,21
19961108-05:00,Smoke,9,0,0,,38,,1016,0,0,24
19961108-06:00,Smoke,9,0,0,,32,,1016,0,0,27
19961108-07:00,Smoke,5,0,0,,23,,1015,0,0,28
19961108-08:00,Haze,6,0,0,,23,,1014,0,0,29
19961108-09:00,Haze,6,0,0,,23,,1014,0,0,29
19961108-10:00,Haze,6,0,0,,25,,1014,0,0,28
19961108-11:00,Smoke,6,0,0,,26,,1014,0,0,27
19961108-12:00,Smoke,9,0,0,,41,,1014,0,0,23
19961108-13:00,Smoke,9,0,0,,46,,1015,0,0,21
19961108-14:00,Smoke,10,0,0,,49,,1015,0,0,21
19961108-15:00,Smoke,9,0,0,,49,,1015,0,0,20
19961108-16:00,Smoke,9,0,0,,49,,1015,0,0,20
19961108-17:00,Smoke,10,0,0,,56,,1015,0,0,19
19961108-18:00,Smoke,9,0,0,,52,,1015,0,0,19
19961108-19:00,Smoke,10,0,0,,59,,1015,0,0,18
19961108-20:00,Smoke,9,0,0,,59,,1014,0,0,17
19961108-21:00,Smoke,9,0,0,,59,,1014,0,0,17
19961108-22:00,Unknown,8,0,0,,59,,1014,0,0,16
19961108-23:00,Smoke,8,0,0,,59,,1014,0,0,16
19961109-00:00,Smoke,7,0,0,,55,,1014,0,0,16
19961109-01:00,Smoke,7,0,0,,59,,1014,0,0,15
19961109-02:00,Smoke,6,0,0,,52,,1015,0,0,16
19961109-03:00,Smoke,7,0,0,,49,,1016,0,0,18
19961109-04:00,Smoke,9,0,0,,46,,1016,0,0,21
19961109-05:00,Smoke,9,0,0,,38,,1016,0,0,24
19961109-07:00,Smoke,7,0,0,,28,,1014,0,0,27
19961109-08:00,Smoke,8,0,0,,28,,1013,0,0,28
19961109-09:00,Clear,7,0,0,,26,,1013,0,0,28
19961109-11:00,Smoke,8,0,0,,30,,1012,0,0,27
19961109-12:00,Smoke,7,0,0,,32,,1013,0,0,25
19961109-13:00,Smoke,8,0,0,,43,,1013,0,0,21
19961109-14:00,Smoke,8,0,0,,46,,1014,0,0,20
19961109-15:00,Smoke,9,0,0,,52,,1014,0,0,19
19961109-16:00,Smoke,9,0,0,,52,,1014,0,0,19
19961109-17:00,Smoke,9,0,0,,56,,1014,0,0,18
19961109-18:00,Smoke,8,0,0,,55,,1014,0,0,17
19961109-19:00,Smoke,8,0,0,,55,,1014,0,0,17
19961109-20:00,Clear,8,0,0,,55,,1013,0,0,17
19961109-21:00,Smoke,8,0,0,,63,,1013,0,0,15
19961109-22:00,Smoke,7,0,0,,59,,1013,0,0,15
19961109-23:00,Smoke,7,0,0,,59,,1013,0,0,15
19961110-00:00,Smoke,7,0,0,,63,,1013,0,0,14
19961110-01:00,Smoke,7,0,0,,63,,1013,0,0,14
19961110-02:00,Smoke,7,0,0,,59,,1014,0,0,15
19961110-03:00,Smoke,7,0,0,,49,,1014,0,0,18
19961110-04:00,Smoke,8,0,0,,41,,1015,0,0,22
19961110-05:00,Smoke,8,0,0,,36,,1014,0,0,24
19961110-06:00,Clear,7,0,0,,30,,1013,0,0,26
19961110-07:00,Clear,6,0,0,,25,,1012,0,0,28
19961110-08:00,Clear,5,0,0,,22,,1012,0,0,29
19961110-09:00,Clear,4,0,0,,20,,1011,0,0,29
19961110-10:00,Clear,4,0,0,,20,,1011,0,0,29
19961110-11:00,Clear,5,0,0,,24,,1011,0,0,27
19961110-12:00,Smoke,6,0,0,,33,,1011,0,0,23
19961110-13:00,Smoke,7,0,0,,40,,1011,0,0,21
19961110-15:00,Smoke,9,0,0,,56,,1012,0,0,18
19961110-16:00,Smoke,8,0,0,,49,,-9999,0,0,19
19961110-18:00,Smoke,7,0,0,,49,,1012,0,0,18
19961110-19:00,Smoke,6,0,0,,48,,1011,0,0,17
19961110-20:00,Smoke,7,0,0,,55,,1011,0,0,16
19961110-21:00,Smoke,7,0,0,,59,,1011,0,0,15
19961110-22:00,Smoke,8,0,0,,67,,1011,0,0,14
19961110-23:00,Smoke,7,0,0,,63,,1011,0,0,14
19961111-00:00,Smoke,7,0,0,,63,,1012,0,0,14
19961111-01:00,Smoke,7,0,0,,59,,1012,0,0,15
19961111-02:00,Smoke,7,0,0,,49,,1013,0,0,18
19961111-03:00,Smoke,5,0,0,,40,,1014,0,0,19
19961111-04:00,Smoke,7,0,0,,34,,1014,0,0,24
19961111-05:00,Smoke,7,0,0,,28,,1014,0,0,27
19961111-06:00,Smoke,4,0,0,,21,,1014,0,0,28
19961111-07:00,Clear,4,0,0,,20,,1012,0,0,29
19961111-08:00,Clear,2,0,0,,17,,1011,0,0,30
19961111-09:00,Clear,1,0,0,,17,,1011,0,0,28
19961111-10:00,Clear,2,0,0,,18,,1011,0,0,29
19961111-11:00,Clear,5,0,0,,23,,1011,0,0,28
19961111-12:00,Smoke,7,0,0,,34,,1011,0,0,24
19961111-13:00,Smoke,7,0,0,,36,,1012,0,0,23
19961111-14:00,Smoke,7,0,0,,38,,1012,0,0,22
19961111-15:00,Smoke,7,0,0,,43,,1013,0,0,20
19961111-16:00,Smoke,6,0,0,,40,,1013,0,0,20
19961111-17:00,Smoke,5,0,0,,37,,1013,0,0,20
19961111-18:00,Smoke,6,0,0,,43,,1013,0,0,19
19961111-19:00,Smoke,5,0,0,,37,,1013,0,0,20
19961111-20:00,Smoke,7,0,0,,49,,1013,0,0,18
19961111-21:00,Smoke,9,0,0,,59,,1013,0,0,17
19961111-22:00,Smoke,9,0,0,,63,,1012,0,0,16
19961112-00:00,Smoke,9,0,0,,63,,1013,0,0,16
19961112-01:00,Smoke,7,0,0,,55,,1013,0,0,16
19961112-02:00,Smoke,6,0,0,,38,,1014,0,0,21
19961112-03:00,Smoke,6,0,0,,31,,1015,0,0,24
19961112-04:00,Smoke,6,0,0,,28,,1015,0,0,26
19961112-05:00,Smoke,5,0,0,,23,,1014,0,0,28
19961112-06:00,Haze,5,0,0,,20,,1014,0,0,30
19961112-07:00,Haze,4,0,0,,19,,1013,0,0,30
19961112-08:00,Clear,4,0,0,,18,,1012,0,0,31
19961112-09:00,Clear,5,0,0,,19,,1010,0,0,31
19961112-10:00,Clear,5,0,0,,20,,1011,0,0,30
19961112-11:21,Haze,6,0,0,,25,,1010,0,0,28
19961112-12:00,Smoke,8,0,0,,34,,1011,0,0,25
19961112-13:00,Smoke,8,0,0,,36,,-9999,0,0,24
19961112-14:00,Smoke,8,0,0,,38,,1011,0,0,23
19961112-15:00,Smoke,7,0,0,,38,,1011,0,0,22
19961112-16:00,Smoke,8,0,0,,41,,1012,0,0,22
19961112-17:00,Smoke,10,0,0,,49,,1012,0,0,21
19961112-18:00,Smoke,10,0,0,,49,,1012,0,0,21
19961112-19:00,Smoke,10,0,0,,56,,1012,0,0,19
19961112-20:00,Smoke,10,0,0,,52,,1011,0,0,20
19961112-21:00,Smoke,10,0,0,,52,,1011,0,0,20
19961112-22:00,Smoke,12,0,0,,68,,1011,0,0,18
19961112-23:00,Smoke,12,0,0,,72,,1011,0,0,17
19961113-00:00,Smoke,11,0,0,,68,,-9999,0,0,17
19961113-01:00,Smoke,11,0,0,,60,,1011,0,0,19
19961113-02:00,Smoke,,0,0,,N/A,,1012,0,0,
19961113-03:00,Smoke,12,0,0,,56,,1013,0,0,21
19961113-04:00,Smoke,12,0,0,,44,,1013,0,0,25
19961113-05:00,Smoke,11,0,0,,41,,1013,0,0,25
19961113-06:00,Smoke,11,0,0,,39,,1013,0,0,26
19961113-07:00,Smoke,10,0,0,,32,,1012,0,0,28
19961113-08:00,Smoke,10,0,0,,23,,1011,0,0,34
19961113-09:00,Smoke,12,0,0,27.5,37,,1011,0,0,28
19961113-10:00,Smoke,11,0,0,,35,,1011,0,0,28
19961113-11:00,Smoke,13,0,0,27,42,,1011,0,0,27
19961113-12:00,Smoke,13,0,0,,47,,1011,0,0,25
19961113-13:00,Smoke,14,0,0,,57,,1012,0,0,23
19961113-14:00,Smoke,13,0,0,,57,,1012,0,0,22
19961113-15:00,Smoke,13,0,0,,60,,1013,0,0,21
19961113-17:00,Smoke,13,0,0,,60,,1013,0,0,21
19961113-18:00,Smoke,13,0,0,,60,,1013,0,0,21
19961113-19:00,Smoke,13,0,0,,64,,1013,0,0,20
19961113-20:00,Smoke,12,0,0,,64,,1014,0,0,19
19961113-21:00,Smoke,14,0,0,,64,,1013,0,0,21
19961113-22:00,Smoke,13,0,0,,53,,1013,0,0,23
19961113-23:00,Smoke,13,0,0,,64,,1014,0,0,20
19961114-00:00,Smoke,13,0,0,,64,,1014,0,0,20
19961114-01:00,Smoke,13,0,0,,60,,1015,0,0,21
19961114-04:00,Smoke,13,0,0,,57,,1018,0,0,22
19961114-05:00,Smoke,9,0,0,,36,,1018,0,0,25
19961114-06:00,Smoke,10,0,0,,36,,1017,0,0,26
19961114-07:00,Smoke,9,0,0,,32,,1016,0,0,27
19961114-08:00,Smoke,6,0,0,,25,,1016,0,0,28
19961114-09:00,Smoke,7,0,0,,26,,1016,0,0,28
19961114-10:00,Smoke,6,0,0,,25,,1016,0,0,28
19961114-11:00,Smoke,6,0,0,,26,,1016,0,0,27
19961114-12:00,Smoke,8,0,0,,36,,1016,0,0,24
19961114-13:00,Smoke,8,0,0,,43,,1017,0,0,21
19961114-14:00,Smoke,8,0,0,,49,,1018,0,0,19
19961114-15:00,Smoke,9,0,0,,52,,1018,0,0,19
19961114-20:00,Smoke,8,0,0,,59,,1018,0,0,16
19961114-21:00,Smoke,8,0,0,,63,,1019,0,0,15
19961114-22:00,Smoke,8,0,0,,67,,1018,0,0,14
19961114-23:00,Smoke,8,0,0,,67,,1018,0,0,14
19961115-00:00,Smoke,8,0,0,,67,,1019,0,0,14
19961115-01:00,Smoke,7,0,0,,63,,1020,0,0,14
19961115-03:00,Smoke,7,0,0,,59,,1021,0,0,15
19961115-05:00,Smoke,8,0,0,,41,,1021,0,0,22
19961115-06:00,Smoke,8,0,0,,38,,1021,0,0,23
19961115-07:00,Smoke,9,0,0,,36,,1020,0,0,25
19961115-08:00,Smoke,5,0,0,,26,,1019,0,0,26
19961115-11:00,Smoke,5,0,0,,29,,1018,0,0,24
19961115-12:00,Smoke,7,0,0,,38,,1019,0,0,22
19961115-13:00,Smoke,9,0,0,,52,,1019,0,0,19
19961115-16:00,Smoke,9,0,0,,59,,1019,0,0,17
19961115-17:00,Smoke,8,0,0,,59,,1019,0,0,16
19961115-18:00,Smoke,8,0,0,,63,,1019,0,0,15
19961115-19:00,Smoke,7,0,0,,63,,1019,0,0,14
19961115-20:00,Smoke,7,0,0,,63,,1018,0,0,14
19961115-21:00,Smoke,7,0,0,,67,,1018,0,0,13
19961115-22:00,Smoke,7,0,0,,72,,1017,0,0,12
19961115-23:00,Smoke,6,0,0,,67,,1017,0,0,12
19961116-00:00,Smoke,5,0,0,,67,,1017,0,0,11
19961116-01:00,Smoke,4,0,0,,62,,1017,0,0,11
19961116-02:00,Smoke,4,0,0,,58,,1018,0,0,12
19961116-03:00,Smoke,3,0,0,,45,,1019,0,0,15
19961116-04:00,Smoke,3,0,0,,39,,1019,0,0,17
19961116-05:00,Smoke,2,0,0,,32,,1019,0,0,19
19961116-06:00,Unknown,,0,0,,N/A,,-9999,0,0,
19961116-07:00,Clear,-1,0,0,,19,,1017,0,0,24
19961116-08:00,Clear,0,0,0,,19,,1016,0,0,25
19961116-09:00,Clear,1,0,0,,21,,1015,0,0,25
19961116-10:00,Haze,1,0,0,,21,,1015,0,0,25
19961116-11:00,Haze,1,0,0,,23,,-9999,0,0,23
19961116-12:00,Haze,2,0,0,,27,,-9999,0,0,22
19961116-13:00,Haze,3,0,0,,39,,-9999,0,0,17
19961116-14:00,Smoke,4,0,0,,42,,-9999,0,0,17
19961116-15:00,Smoke,2,0,0,,37,,1017,0,0,17
19961116-16:00,Smoke,2,0,0,,39,,1017,0,0,16
19961116-17:00,Smoke,2,0,0,,42,,-9999,0,0,15
19961116-18:00,Smoke,2,0,0,,44,,1017,0,0,14
19961116-19:00,Smoke,2,0,0,,44,,1017,0,0,14
19961116-21:00,Smoke,3,0,0,,58,,1016,0,0,11
19961116-22:00,Smoke,3,0,0,,58,,1016,0,0,11
19961117-00:00,Smoke,2,0,0,,58,,1016,0,0,10
19961117-01:00,Smoke,4,0,0,,62,,1017,0,0,11
19961117-02:00,Smoke,3,0,0,,58,,1018,0,0,11
19961117-03:00,Smoke,2,0,0,,44,,1019,0,0,14
19961117-04:00,Smoke,3,0,0,,37,,1019,0,0,18
19961117-05:00,Smoke,3,0,0,,31,,1019,0,0,21
19961117-06:00,Smoke,3,0,0,,27,,1018,0,0,23
19961117-07:00,Smoke,0,0,0,,19,,1017,0,0,25
19961117-08:00,Smoke,0,0,0,,19,,1016,0,0,25
19961117-09:00,Smoke,-1,0,0,,17,,1016,0,0,26
19961117-10:00,Smoke,-1,0,0,,18,,1016,0,0,25
19961117-11:00,Smoke,1,0,0,,22,,1016,0,0,24
19961117-12:00,Smoke,2,0,0,,27,,1017,0,0,22
19961117-13:00,Smoke,3,0,0,,37,,1017,0,0,18
19961117-14:00,Smoke,5,0,0,,45,,1018,0,0,17
19961117-15:00,Smoke,4,0,0,,42,,1018,0,0,17
19961117-16:00,Smoke,3,0,0,,39,,1018,0,0,17
19961117-17:00,Smoke,3,0,0,,42,,1018,0,0,16
19961117-18:00,Smoke,6,0,0,,59,,1018,0,0,14
19961117-19:00,Smoke,5,0,0,,55,,1018,0,0,14
19961117-20:00,Smoke,4,0,0,,51,,1018,0,0,14
19961117-21:00,Smoke,5,0,0,,58,,1017,0,0,13
19961117-22:00,Smoke,5,0,0,,62,,1017,0,0,12
19961117-23:00,Smoke,4,0,0,,58,,1017,0,0,12
19961118-00:00,Smoke,3,0,0,,51,,1018,0,0,13
19961118-01:00,Smoke,3,0,0,,51,,1019,0,0,13
19961118-02:00,Smoke,1,0,0,,39,,1019,0,0,15
19961118-03:00,Smoke,3,0,0,,39,,1020,0,0,17
19961118-04:00,Smoke,3,0,0,,29,,1020,0,0,22
19961118-05:00,Smoke,2,0,0,,22,,1020,0,0,25
19961118-10:00,Clear,0,0,0,,16,,1016,0,0,28
19961118-11:00,Smoke,5,0,0,,28,,1016,0,0,25
19961118-12:00,Smoke,6,0,0,,38,,1017,0,0,21
19961118-13:00,Smoke,6,0,0,,38,,1017,0,0,21
19961118-14:00,Smoke,6,0,0,,40,,1017,0,0,20
19961118-15:00,Smoke,4,0,0,,37,,1017,0,0,19
19961118-16:00,Smoke,4,0,0,,40,,-9999,0,0,18
19961118-17:00,Smoke,4,0,0,,42,,1017,0,0,17
19961118-18:00,Smoke,4,0,0,,45,,1017,0,0,16
19961118-19:00,Smoke,4,0,0,,42,,1017,0,0,17
19961118-21:00,Smoke,5,0,0,,51,,-9999,0,0,15
19961118-22:00,Smoke,7,0,0,,52,,1016,0,0,17
19961118-23:00,Smoke,3,0,0,,45,,1016,0,0,15
19961119-00:00,Smoke,3,0,0,,42,,-9999,0,0,16
19961119-01:00,Smoke,3,0,0,,42,,1017,0,0,16
19961119-02:00,Smoke,3,0,0,,39,,1018,0,0,17
19961119-03:00,Smoke,3,0,0,,35,,1019,0,0,19
19961119-04:00,Smoke,5,0,0,,37,,1019,0,0,20
19961119-05:00,Smoke,3,0,0,,25,,1019,0,0,24
19961119-06:00,Smoke,2,0,0,,24,,1018,0,0,24
19961119-07:00,Smoke,5,0,0,,28,,1017,0,0,25
19961119-08:00,Smoke,3,0,0,,24,,1016,0,0,25
19961119-09:00,Smoke,4,0,0,,26,,1016,0,0,25
19961119-10:00,Smoke,3,0,0,,24,,1015,0,0,25
19961119-11:00,Smoke,6,0,0,,33,,1015,0,0,23
19961119-12:00,Smoke,5,0,0,,40,,1016,0,0,19
19961119-13:00,Smoke,7,0,0,,52,,1016,0,0,17
19961119-15:00,Smoke,8,0,0,,55,,1017,0,0,17
19961119-16:00,Smoke,9,0,0,,63,,1017,0,0,16
19961119-17:00,Scattered Clouds,9,0,0,,59,,1017,0,0,17
19961119-18:00,Smoke,9,0,0,,63,,1017,0,0,16
19961119-19:00,Smoke,9,0,0,,63,,1016,0,0,16
19961119-20:00,Smoke,11,0,0,,72,,1015,0,0,16
19961119-21:00,Smoke,11,0,0,,77,,-9999,0,0,15
19961119-22:00,Smoke,11,0,0,,68,,1015,0,0,17
19961119-23:00,Smoke,12,0,0,,72,,1016,0,0,17
19961120-00:00,Smoke,12,0,0,,72,,1016,0,0,17
19961120-01:00,Smoke,12,0,0,,72,,1018,0,0,17
19961120-02:00,Smoke,14,0,0,,60,,1019,0,0,22
19961120-03:00,Smoke,13,0,0,,68,,-9999,0,0,19
19961120-05:00,Smoke,11,0,0,,50,,1020,0,0,22
19961120-06:00,Smoke,13,0,0,,53,,1019,0,0,23
19961120-08:00,Smoke,12,0,0,,44,,1017,0,0,25
19961120-09:00,Smoke,12,0,0,,44,,1016,0,0,25
19961120-10:00,Smoke,12,0,0,,50,,1016,0,0,23
19961120-11:00,Smoke,13,0,0,,57,,1016,0,0,22
19961120-12:00,Smoke,13,0,0,,60,,1016,0,0,21
19961120-13:00,Smoke,14,0,0,,68,,1017,0,0,20
19961120-14:00,Smoke,14,0,0,,64,,1017,0,0,21
19961120-15:00,Smoke,14,0,0,,68,,1018,0,0,20
19961120-16:00,Smoke,13,0,0,,64,,1018,0,0,20
19961120-17:00,Smoke,10,0,0,,56,,1018,0,0,19
19961120-18:00,Smoke,9,0,0,,52,,1018,0,0,19
19961120-19:00,Smoke,10,0,0,,68,,1015,0,0,16
19961120-20:00,Smoke,10,0,0,,63,,1017,0,0,17
19961120-21:00,Smoke,10,0,0,,68,,1016,0,0,16
19961120-22:00,Smoke,10,0,0,,77,,1016,0,0,14
19961120-23:00,Smoke,9,0,0,,72,,1016,0,0,14
19961121-01:00,Smoke,9,0,0,,72,,1018,0,0,14
19961121-02:00,Smoke,8,0,0,,63,,1018,0,0,15
19961121-03:00,Smoke,8,0,0,,63,,1019,0,0,15
19961121-04:00,Smoke,9,0,0,,63,,1019,0,0,16
19961121-05:00,Smoke,11,0,0,,60,,1019,0,0,19
19961121-06:00,Smoke,12,0,0,,53,,1018,0,0,22
19961121-07:00,Smoke,13,0,0,,53,,1017,0,0,23
19961121-08:00,Smoke,13,0,0,,47,,1016,0,0,25
19961121-09:00,Smoke,12,0,0,,44,,1016,0,0,25
19961121-10:00,Smoke,11,0,0,,41,,1015,0,0,25
19961121-12:00,Smoke,13,0,0,,64,,1015,0,0,20
19961121-13:00,Smoke,13,0,0,,68,,1016,0,0,19
19961121-14:00,Smoke,12,0,0,,64,,1016,0,0,19
19961121-15:00,Smoke,12,0,0,,64,,1017,0,0,19
19961121-16:00,Smoke,11,0,0,,68,,1017,0,0,17
19961121-17:00,Smoke,8,0,0,,55,,1017,0,0,17
19961121-18:00,Smoke,6,0,0,,52,,1017,0,0,16
19961121-19:00,Smoke,6,0,0,,55,,1016,0,0,15
19961121-20:00,Smoke,6,0,0,,63,,1015,0,0,13
19961121-21:00,Smoke,6,0,0,,63,,1015,0,0,13
19961121-22:00,Smoke,6,0,0,,71,,1015,0,0,11
19961121-23:00,Smoke,7,0,0,,76,,1015,0,0,11
19961122-00:00,Smoke,6,0,0,,71,,1015,0,0,11
19961122-02:00,Smoke,5,0,0,,62,,1017,0,0,12
19961122-03:00,Smoke,7,0,0,,72,,1017,0,0,12
19961122-04:00,Smoke,5,0,0,,48,,1017,0,0,16
19961122-05:00,Smoke,5,0,0,,40,,1017,0,0,19
19961122-10:00,Smoke,4,0,0,,29,,1014,0,0,23
19961122-11:00,Smoke,5,0,0,,35,,1014,0,0,21
19961122-12:00,Smoke,5,0,0,,40,,1014,0,0,19
19961122-13:00,Smoke,6,0,0,,52,,1015,0,0,16
19961122-14:00,Smoke,6,0,0,,55,,1016,0,0,15
19961122-15:00,Smoke,5,0,0,,55,,1016,0,0,14
19961122-16:00,Smoke,7,0,0,,59,,1016,0,0,15
19961122-17:00,Smoke,7,0,0,,67,,1016,0,0,13
19961122-18:00,Smoke,7,0,0,,67,,1016,0,0,13
19961122-19:00,Smoke,6,0,0,,63,,1016,0,0,13
19961122-21:00,Smoke,6,0,0,,67,,1016,0,0,12
19961122-22:00,Smoke,6,0,0,,67,,1016,0,0,12
19961122-23:00,Smoke,6,0,0,,67,,1016,0,0,12
19961123-01:00,Smoke,6,0,0,,67,,1017,0,0,12
19961123-02:00,Smoke,6,0,0,,59,,1017,0,0,14
19961123-03:00,Smoke,6,0,0,,59,,1018,0,0,14
19961123-04:00,Smoke,6,0,0,,48,,1018,0,0,17
19961123-05:00,Smoke,5,0,0,,40,,1018,0,0,19
19961123-06:00,Smoke,7,0,0,,43,,1017,0,0,20
19961123-07:00,Smoke,5,0,0,,35,,1016,0,0,21
19961123-08:00,Smoke,5,0,0,,33,,1015,0,0,22
19961123-09:00,Smoke,6,0,0,,33,,1014,0,0,23
19961123-10:00,Smoke,4,0,0,,31,,1014,0,0,22
19961123-11:00,Smoke,6,0,0,,38,,1014,0,0,21
19961123-12:00,Smoke,6,0,0,,43,,1014,0,0,19
19961123-13:00,Smoke,7,0,0,,52,,1015,0,0,17
19961123-14:00,Smoke,7,0,0,,55,,1015,0,0,16
19961123-15:00,Smoke,7,0,0,,59,,1015,0,0,15
19961123-16:00,Smoke,6,0,0,,55,,1015,0,0,15
19961123-17:00,Smoke,7,0,0,,63,,1015,0,0,14
19961123-18:00,Smoke,7,0,0,,63,,1015,0,0,14
19961123-19:00,Smoke,6,0,0,,63,,1016,0,0,13
19961123-20:00,Smoke,6,0,0,,67,,1015,0,0,12
19961123-21:00,Smoke,6,0,0,,67,,1015,0,0,12
19961123-22:00,Smoke,5,0,0,,67,,1014,0,0,11
19961123-23:00,Smoke,6,0,0,,76,,1014,0,0,10
19961124-00:00,Smoke,6,0,0,,76,,1015,0,0,10
19961124-01:00,Smoke,6,0,0,,71,,-9999,0,0,11
19961124-02:00,Smoke,7,0,0,,72,,-9999,0,0,12
19961124-03:00,Smoke,6,0,0,,63,,-9999,0,0,13
19961124-04:00,Smoke,7,0,0,,55,,1017,0,0,16
19961124-05:00,Smoke,9,0,0,,52,,1016,0,0,19
19961124-06:00,Smoke,6,0,0,,38,,1016,0,0,21
19961124-07:00,Smoke,7,0,0,,38,,1015,0,0,22
19961124-08:00,Smoke,6,0,0,,31,,1014,0,0,24
19961124-09:00,Smoke,5,0,0,,29,,1013,0,0,24
19961124-10:00,Smoke,4,0,0,,27,,1013,0,0,24
19961124-11:00,Smoke,4,0,0,,31,,1013,0,0,22
19961124-12:00,Smoke,4,0,0,,37,,1013,0,0,19
19961124-13:00,Smoke,5,0,0,,48,,1014,0,0,16
19961124-14:00,Smoke,5,0,0,,45,,1014,0,0,17
19961124-15:00,Smoke,5,0,0,,48,,1014,0,0,16
19961124-16:00,Smoke,5,0,0,,51,,1013,0,0,15
19961124-17:00,Smoke,5,0,0,,58,,1013,0,0,13
19961124-18:00,Smoke,4,0,0,,51,,1013,0,0,14
19961124-19:00,Smoke,5,0,0,,62,,1013,0,0,12
19961124-20:00,Smoke,5,0,0,,58,,1013,0,0,13
19961124-21:00,Smoke,6,0,0,,71,,1013,0,0,11
19961124-22:00,Smoke,5,0,0,,62,,1013,0,0,12
19961124-23:00,Smoke,5,0,0,,67,,1013,0,0,11
19961125-00:00,Smoke,4,0,0,,62,,1013,0,0,11
19961125-01:00,Smoke,4,0,0,,58,,1014,0,0,12
19961125-02:00,Smoke,4,0,0,,54,,1015,0,0,13
19961125-03:00,Smoke,5,0,0,,51,,1015,0,0,15
19961125-04:00,Smoke,4,0,0,,42,,1016,0,0,17
19961125-05:00,Smoke,5,0,0,,37,,1016,0,0,20
19961125-06:00,Smoke,5,0,0,,33,,1015,0,0,22
19961125-08:00,Smoke,4,0,0,,27,,1013,0,0,24
19961125-09:00,Smoke,4,0,0,,27,,1013,0,0,24
19961125-10:00,Smoke,4,0,0,,26,,1012,0,0,25
19961125-11:00,Smoke,4,0,0,,29,,1012,0,0,23
19961125-12:00,Smoke,5,0,0,,37,,1013,0,0,20
19961125-13:00,Smoke,5,0,0,,45,,-9999,0,0,17
19961125-14:00,Smoke,6,0,0,,48,,1014,0,0,17
19961125-15:00,Smoke,7,0,0,,55,,1014,0,0,16
19961125-16:00,Smoke,6,0,0,,55,,1014,0,0,15
19961125-17:00,Smoke,6,0,0,,55,,1014,0,0,15
19961125-18:00,Smoke,6,0,0,,59,,1014,0,0,14
19961125-19:00,Smoke,6,0,0,,59,,1013,0,0,14
19961125-20:00,Smoke,5,0,0,,55,,-9999,0,0,14
19961125-21:00,Smoke,5,0,0,,62,,-9999,0,0,12
19961125-23:00,Smoke,6,0,0,,67,,1014,0,0,12
19961126-00:00,Smoke,6,0,0,,63,,1014,0,0,13
19961126-01:00,Smoke,5,0,0,,62,,-9999,0,0,12
19961126-02:00,Smoke,7,0,0,,55,,1016,0,0,16
19961126-03:00,Smoke,6,0,0,,48,,1017,0,0,17
19961126-04:00,Smoke,,0,0,,N/A,,1017,0,0,
19961126-05:00,Smoke,6,0,0,,29,,1017,0,0,25
19961126-06:00,Smoke,4,0,0,,26,,1016,0,0,25
19961126-07:00,Smoke,4,0,0,,23,,1015,0,0,27
19961126-08:00,Smoke,5,0,0,,24,,1014,0,0,27
19961126-09:00,Smoke,4,0,0,,23,,1014,0,0,27
19961126-10:00,Smoke,5,0,0,,23,,1013,0,0,28
19961126-11:00,Smoke,8,0,0,,36,,1013,0,0,24
19961126-12:00,Smoke,8,0,0,,43,,1014,0,0,21
19961126-13:00,Smoke,8,0,0,,49,,1014,0,0,19
19961126-15:00,Smoke,7,0,0,,49,,1014,0,0,18
19961126-16:00,Smoke,7,0,0,,52,,1014,0,0,17
19961126-17:00,Smoke,8,0,0,,55,,1014,0,0,17
19961126-18:00,Smoke,8,0,0,,63,,1014,0,0,15
19961126-19:00,Smoke,7,0,0,,59,,1014,0,0,15
19961126-20:00,Smoke,7,0,0,,59,,1014,0,0,15
19961126-21:00,Smoke,7,0,0,,59,,1014,0,0,15
19961126-22:00,Smoke,7,0,0,,63,,1014,0,0,14
19961126-23:00,Smoke,7,0,0,,63,,1014,0,0,14
19961127-00:00,Smoke,7,0,0,,67,,1014,0,0,13
19961127-01:00,Smoke,7,0,0,,63,,1015,0,0,14
19961127-02:00,Smoke,8,0,0,,63,,1015,0,0,15
19961127-04:00,Smoke,9,0,0,,49,,1017,0,0,20
19961127-05:00,Smoke,6,0,0,,33,,1016,0,0,23
19961127-07:00,Smoke,7,0,0,,32,,1015,0,0,25
19961127-08:00,Smoke,5,0,0,,28,,1014,0,0,25
19961127-09:00,Smoke,5,0,0,,28,,1014,0,0,25
19961127-10:00,Smoke,7,0,0,,34,,1013,0,0,24
19961127-12:00,Smoke,6,0,0,,38,,1013,0,0,21
19961127-13:00,Smoke,9,0,0,,56,,1014,0,0,18
19961127-14:00,Smoke,9,0,0,,59,,1014,0,0,17
19961127-15:00,Smoke,9,0,0,,63,,1014,0,0,16
19961127-16:00,Smoke,8,0,0,,59,,1014,0,0,16
19961127-17:00,Smoke,8,0,0,,63,,1014,0,0,15
19961127-18:00,Smoke,8,0,0,,63,,1014,0,0,15
19961127-19:00,Smoke,8,0,0,,67,,1014,0,0,14
19961127-20:00,Smoke,8,0,0,,72,,-9999,0,0,13
19961127-21:00,Smoke,8,0,0,,67,,-9999,0,0,14
19961127-22:00,Smoke,8,0,0,,72,,1014,0,0,13
19961127-23:00,Clear,8,0,0,,77,,1014,0,0,12
19961128-01:00,Smoke,9,0,0,,77,,1015,0,0,13
19961128-02:00,Smoke,8,0,0,,63,,1016,0,0,15
19961128-05:00,Smoke,6,0,0,,38,,1016,0,0,21
19961128-06:00,Smoke,6,0,0,,33,,1015,0,0,23
19961128-08:00,Smoke,2,0,0,,22,,1013,0,0,25
19961128-09:00,Smoke,0,0,0,,21,,1013,0,0,24
19961128-10:00,Smoke,0,0,0,,21,,1013,0,0,24
19961128-11:00,Smoke,1,0,0,,23,,1013,0,0,23
19961128-12:00,Smoke,3,0,0,,33,,1013,0,0,20
19961128-13:00,Smoke,5,0,0,,45,,1014,0,0,17
19961128-14:00,Smoke,5,0,0,,51,,1014,0,0,15
19961128-15:00,Smoke,4,0,0,,42,,1015,0,0,17
19961128-16:00,Smoke,5,0,0,,45,,1015,0,0,17
19961128-17:00,Smoke,5,0,0,,58,,1015,0,0,13
19961128-18:00,Smoke,5,0,0,,55,,1015,0,0,14
19961128-19:00,Smoke,5,0,0,,55,,1015,0,0,14
19961128-20:00,Smoke,5,0,0,,62,,1015,0,0,12
19961128-21:00,Smoke,4,0,0,,58,,1015,0,0,12
19961128-22:00,Smoke,4,0,0,,66,,1015,0,0,10
19961129-09:00,Smoke,-4,0,0,,16,,1014,0,0,23
19961129-13:00,Smoke,1,0,0,,36,,1015,0,0,16
19961129-14:00,Smoke,1,0,0,,39,,1015,0,0,15
19961129-16:00,Smoke,2,0,0,,51,,1016,0,0,12
19961129-17:00,Smoke,2,0,0,,51,,1016,0,0,12
19961129-18:00,Smoke,,0,0,,N/A,,-9999,0,0,
19961129-19:00,Smoke,3,0,0,,62,,1015,0,0,10
19961129-20:00,Smoke,3,0,0,,62,,1015,0,0,10
19961129-21:00,Smoke,3,0,0,,62,,1015,0,0,10
19961129-23:00,Smoke,4,0,0,,71,,1015,0,0,9
19961130-00:00,Smoke,3,0,0,,66,,1016,0,0,9
19961130-01:00,Smoke,2,0,0,,62,,1016,0,0,9
19961130-02:00,Smoke,4,0,0,,66,,1017,0,0,10
19961130-03:00,Smoke,3,0,0,,54,,1018,0,0,12
19961130-04:00,Smoke,3,0,0,,45,,1018,0,0,15
19961130-05:00,Smoke,4,0,0,,37,,1018,0,0,19
19961130-06:00,Unknown,2,0,0,,28,,1017,0,0,21
19961130-07:00,Smoke,1,0,0,,27,,1017,0,0,21
19961130-08:00,Smoke,-1,0,0,,22,,1016,0,0,22
19961130-09:00,Smoke,-1,0,0,,22,,1015,0,0,22
19961130-10:00,Smoke,-1,0,0,,22,,1015,0,0,22
19961130-13:00,Smoke,3,0,0,,42,,1015,0,0,16
19961130-14:00,Smoke,3,0,0,,48,,1016,0,0,14
19961130-15:00,Smoke,4,0,0,,51,,1016,0,0,14
19961130-16:00,Smoke,4,0,0,,54,,1016,0,0,13
19961130-17:00,Smoke,3,0,0,,54,,1016,0,0,12
19961130-18:00,Smoke,3,0,0,,58,,1016,0,0,11
19961130-19:00,Smoke,3,0,0,,58,,1015,0,0,11
19961130-20:00,Smoke,4,0,0,,62,,-9999,0,0,11
19961130-21:00,Smoke,4,0,0,,66,,1016,0,0,10
19961130-22:00,Smoke,4,0,0,,71,,1016,0,0,9
19961130-23:00,Smoke,3,0,0,,62,,1016,0,0,10
19961201-00:00,Smoke,4,0,0,,71,,1016,0,0,9
19961201-01:00,Smoke,2,0,0,,58,,1017,0,0,10
19961201-02:00,Smoke,3,0,0,,58,,1017,0,0,11
19961201-03:00,Smoke,3,0,0,,54,,1018,0,0,12
19961201-04:00,Smoke,3,0,0,,45,,1019,0,0,15
19961201-05:00,Smoke,3,0,0,,37,,1018,0,0,18
19961201-06:00,Smoke,3,0,0,,33,,1017,0,0,20
19961201-07:00,Smoke,3,0,0,,31,,1016,0,0,21
19961201-10:00,Smoke,2,0,0,,27,,1015,0,0,22
19961201-11:00,Smoke,2,0,0,,28,,1015,0,0,21
19961201-12:00,Smoke,4,0,0,,40,,1015,0,0,18
19961201-13:00,Smoke,4,0,0,,48,,1016,0,0,15
19961201-14:00,Smoke,5,0,0,,55,,1016,0,0,14
19961201-15:00,Smoke,5,0,0,,58,,1016,0,0,13
19961201-16:00,Smoke,5,0,0,,58,,1016,0,0,13
19961201-17:00,Smoke,5,0,0,,67,,1016,0,0,11
19961201-18:00,Smoke,5,0,0,,58,,1016,0,0,13
19961201-19:00,Smoke,5,0,0,,67,,1016,0,0,11
19961201-20:00,Smoke,5,0,0,,67,,1016,0,0,11
19961201-21:00,Smoke,5,0,0,,67,,1016,0,0,11
19961201-22:00,Unknown,5,0,0,,76,,1016,0,0,9
19961201-23:00,Smoke,6,0,0,,82,,1015,0,0,9
19961202-01:00,Smoke,5,0,0,,76,,1016,0,0,9
19961202-04:00,Smoke,5,0,0,,55,,1017,0,0,14
19961202-05:00,Smoke,6,0,0,,48,,1017,0,0,17
19961202-06:00,Smoke,6,0,0,,43,,1016,0,0,19
19961202-07:00,Smoke,5,0,0,,35,,1015,0,0,21
19961202-08:00,Smoke,4,0,0,,31,,1014,0,0,22
19961202-09:00,Smoke,1,0,0,,23,,1014,0,0,23
19961202-10:00,Smoke,1,0,0,,23,,1014,0,0,23
19961202-11:00,Smoke,2,0,0,,28,,1014,0,0,21
19961202-12:00,Smoke,3,0,0,,39,,1014,0,0,17
19961202-13:00,Smoke,4,0,0,,45,,1014,0,0,16
19961202-14:00,Smoke,4,0,0,,48,,1015,0,0,15
19961202-15:00,Smoke,5,0,0,,58,,1015,0,0,13
19961202-16:00,Smoke,4,0,0,,51,,1015,0,0,14
19961202-17:00,Smoke,5,0,0,,58,,1016,0,0,13
19961202-18:00,Smoke,4,0,0,,58,,1015,0,0,12
19961202-19:00,Smoke,4,0,0,,58,,1015,0,0,12
19961202-20:00,Smoke,4,0,0,,66,,1015,0,0,10
19961202-21:00,Smoke,3,0,0,,58,,1015,0,0,11
19961202-22:00,Smoke,3,0,0,,66,,1015,0,0,9
19961202-23:00,Smoke,4,0,0,,66,,1015,0,0,10
19961203-01:00,Smoke,4,0,0,,71,,1016,0,0,9
19961203-03:00,Smoke,5,0,0,,51,,1018,0,0,15
19961203-04:00,Smoke,6,0,0,,55,,1019,0,0,15
19961203-05:00,Smoke,8,0,0,,49,,1019,0,0,19
19961203-06:00,Smoke,8,0,0,,43,,1018,0,0,21
19961203-08:00,Smoke,8,0,0,,41,,1016,0,0,22
19961203-09:00,Smoke,9,0,0,,41,,1016,0,0,23
19961203-10:00,Smoke,7,0,0,,38,,1016,0,0,22
19961203-11:00,Smoke,10,0,0,,52,,1016,0,0,20
19961203-12:00,Smoke,10,0,0,,59,,1016,0,0,18
19961203-13:00,Smoke,9,0,0,,63,,1016,0,0,16
19961203-14:00,Smoke,8,0,0,,59,,1017,0,0,16
19961203-15:00,Smoke,8,0,0,,63,,1017,0,0,15
19961203-16:00,Smoke,8,0,0,,67,,1017,0,0,14
19961203-17:00,Smoke,8,0,0,,67,,1017,0,0,14
19961203-18:00,Smoke,8,0,0,,72,,1017,0,0,13
19961203-19:00,Clear,8,0,0,,77,,1016,0,0,12
19961203-20:00,Shallow Fog,8,1,0,,77,,1016,0,0,12
19961203-21:00,Smoke,8,0,0,,82,,1016,0,0,11
19961204-00:00,Shallow Fog,8,1,0,,82,,1016,0,0,11
19961204-01:00,Shallow Fog,8,1,0,,72,,1016,0,0,13
19961204-02:00,Shallow Fog,8,1,0,,67,,1017,0,0,14
19961204-03:00,Shallow Fog,8,1,0,,67,,1018,0,0,14
19961204-04:00,Smoke,9,0,0,,67,,1019,0,0,15
19961204-05:00,Smoke,8,0,0,,52,,1018,0,0,18
19961204-06:00,Smoke,8,0,0,,43,,1018,0,0,21
19961204-07:00,Smoke,9,0,0,,43,,1017,0,0,22
19961204-08:00,Smoke,5,0,0,,31,,1016,0,0,23
19961204-09:00,Smoke,4,0,0,,27,,1015,0,0,24
19961204-10:00,Smoke,4,0,0,,27,,1015,0,0,24
19961204-11:00,Smoke,4,0,0,,29,,1014,0,0,23
19961204-13:00,Smoke,6,0,0,,52,,1014,0,0,16
19961204-14:00,Smoke,6,0,0,,55,,1014,0,0,15
19961204-15:00,Smoke,6,0,0,,55,,1015,0,0,15
19961204-16:00,Clear,6,0,0,,59,,1015,0,0,14
19961204-17:00,Smoke,6,0,0,,59,,1015,0,0,14
19961204-18:00,Smoke,7,0,0,,67,,1015,0,0,13
19961204-19:00,Smoke,7,0,0,,72,,1014,0,0,12
19961204-21:00,Smoke,6,0,0,,76,,1014,0,0,10
19961204-22:00,Smoke,6,0,0,,76,,1014,0,0,10
19961205-03:00,Smoke,8,0,0,,72,,1016,0,0,13
19961205-04:00,Smoke,7,0,0,,59,,1017,0,0,15
19961205-05:00,Smoke,8,0,0,,59,,1018,0,0,16
19961205-06:00,Smoke,7,0,0,,46,,1017,0,0,19
19961205-07:00,Mostly Cloudy,7,0,0,,46,,1016,0,0,19
19961205-08:00,Smoke,6,0,0,,38,,1015,0,0,21
19961205-09:00,Smoke,5,0,0,,35,,1014,0,0,21
19961205-10:00,Smoke,6,0,0,,38,,1014,0,0,21
19961205-11:00,Smoke,6,0,0,,40,,1014,0,0,20
19961205-12:00,Smoke,6,0,0,,43,,1014,0,0,19
19961205-13:00,Smoke,8,0,0,,59,,1014,0,0,16
19961205-15:00,Smoke,8,0,0,,67,,1015,0,0,14
19961205-17:00,Smoke,7,0,0,,63,,1016,0,0,14
19961205-18:00,Smoke,7,0,0,,63,,1016,0,0,14
19961205-19:00,Smoke,7,0,0,,67,,1016,0,0,13
19961205-20:00,Smoke,6,0,0,,59,,1016,0,0,14
19961205-21:00,Smoke,7,0,0,,67,,1016,0,0,13
19961205-22:00,Smoke,5,0,0,,71,,1016,0,0,10
19961205-23:00,Smoke,5,0,0,,71,,1016,0,0,10
19961206-00:00,Smoke,6,0,0,,76,,1016,0,0,10
19961206-01:00,Smoke,6,0,0,,76,,1017,0,0,10
19961206-02:00,Smoke,6,0,0,,71,,1018,0,0,11
19961206-03:00,Smoke,6,0,0,,67,,1019,0,0,12
19961206-04:00,Smoke,5,0,0,,51,,1019,0,0,15
19961206-05:00,Smoke,3,0,0,,39,,1019,0,0,17
19961206-06:00,Smoke,4,0,0,,35,,1019,0,0,20
19961206-07:00,Smoke,3,0,0,,31,,1018,0,0,21
19961206-09:00,Smoke,2,0,0,,27,,1016,0,0,22
19961206-10:00,Smoke,2,0,0,,27,,1016,0,0,22
19961206-11:00,Smoke,3,0,0,,31,,1016,0,0,21
19961206-12:00,Smoke,4,0,0,,40,,1017,0,0,18
19961206-13:00,Smoke,5,0,0,,48,,1017,0,0,16
19961206-14:00,Smoke,4,0,0,,48,,1018,0,0,15
19961206-15:00,Smoke,5,0,0,,58,,1019,0,0,13
19961206-16:00,Smoke,3,0,0,,48,,1019,0,0,14
19961206-17:00,Smoke,3,0,0,,54,,1019,0,0,12
19961206-18:00,Smoke,4,0,0,,58,,1019,0,0,12
19961206-19:00,Smoke,3,0,0,,54,,1019,0,0,12
19961206-20:00,Smoke,3,0,0,,58,,1018,0,0,11
19961206-21:00,Smoke,2,0,0,,62,,1019,0,0,9
19961206-22:00,Smoke,4,0,0,,76,,1019,0,0,8
19961206-23:00,Clear,4,0,0,,76,,1019,0,0,8
19961207-00:00,Clear,3,0,0,,71,,1019,0,0,8
19961207-01:00,Clear,3,0,0,,76,,1020,0,0,7
19961207-03:00,Smoke,3,0,0,,62,,1021,0,0,10
19961207-04:00,Smoke,3,0,0,,48,,1022,0,0,14
19961207-05:00,Smoke,2,0,0,,39,,1022,0,0,16
19961207-06:00,Smoke,0,0,0,,30,,1022,0,0,18
19961207-07:00,Smoke,-2,0,0,,23,,1021,0,0,20
19961207-08:00,Smoke,-3,0,0,,21,,1020,0,0,20
19961207-09:00,Smoke,-3,0,0,,20,,19,0,0,21
19961207-11:00,Smoke,-1,0,0,,26,,1019,0,0,19
19961207-12:00,Smoke,1,0,0,,39,,1019,0,0,15
19961207-13:00,Smoke,1,0,0,,41,,1020,0,0,14
19961207-14:00,Smoke,1,0,0,,47,,1020,0,0,12
19961207-15:00,Smoke,1,0,0,,47,,1020,0,0,12
19961207-16:00,Smoke,1,0,0,,54,,1021,0,0,10
19961207-17:00,Smoke,1,0,0,,58,,1021,0,0,9
19961207-18:00,Smoke,1,0,0,,58,,1020,0,0,9
19961207-19:00,Smoke,1,0,0,,62,,1020,0,0,8
19961207-20:00,Smoke,0,0,0,,57,,1020,0,0,8
19961207-21:00,Smoke,0,0,0,,61,,1019,0,0,7
19961207-22:00,Smoke,-2,0,0,,53,,1019,0,0,7
19961207-23:00,Smoke,2,0,0,,76,,-9999,0,0,6
19961208-00:00,Smoke,0,0,0,,70,,1020,0,0,5
19961208-01:00,Smoke,0,0,0,,70,,1020,0,0,5
19961208-02:00,Smoke,0,0,0,,66,,1021,0,0,6
19961208-03:00,Smoke,-1,0,0,,53,,1021,0,0,8
19961208-04:00,Smoke,-2,0,0,,38,,1022,0,0,12
19961208-05:00,Smoke,-3,0,0,,29,,1022,0,0,15
19961208-06:00,Smoke,-5,0,0,,22,,1020,0,0,17
19961208-07:00,Haze,-7,0,0,,17,,1019,0,0,19
19961208-08:00,Haze,-7,0,0,,17,,1018,0,0,19
19961208-09:00,Haze,0,0,0,,28,,1018,0,0,19
19961208-10:00,Haze,-7,0,0,,17,,1018,0,0,19
19961208-11:00,Haze,-6,0,0,,20,,1017,0,0,17
19961208-12:00,Smoke,-4,0,0,,25,,1017,0,0,16
19961208-13:00,Smoke,-3,0,0,,35,,1017,0,0,12
19961208-14:00,Smoke,-2,0,0,,41,,1017,0,0,11
19961208-15:00,Smoke,-1,0,0,,47,,1017,0,0,10
19961208-16:00,Smoke,-2,0,0,,46,,1017,0,0,9
19961208-18:00,Smoke,-1,0,0,,57,,1018,0,0,7
19961208-19:00,Smoke,-1,0,0,,57,,1017,0,0,7
19961208-20:00,Smoke,-2,0,0,,53,,1017,0,0,7
19961208-21:00,Smoke,-2,0,0,,61,,1017,0,0,5
19961208-22:00,Smoke,-2,0,0,,61,,1017,0,0,5
19961208-23:00,Smoke,-2,0,0,,61,,1017,0,0,5
19961209-00:00,Smoke,-3,0,0,,57,,1017,0,0,5
19961209-01:00,Smoke,-2,0,0,,65,,1018,0,0,4
19961209-02:00,Smoke,-2,0,0,,57,,1018,0,0,6
19961209-03:00,Smoke,-2,0,0,,46,,1019,0,0,9
19961209-04:00,Smoke,-7,0,0,,25,,1019,0,0,13
19961209-05:00,Smoke,-5,0,0,,23,,1019,0,0,16
19961209-06:00,Smoke,-6,0,0,,19,,1018,0,0,18
19961209-07:00,Smoke,-6,0,0,,19,,1017,0,0,18
19961209-08:00,Haze,-5,0,0,,19,,1016,0,0,19
19961209-09:00,Haze,-5,0,0,,18,,1016,0,0,20
19961209-10:00,Haze,-5,0,0,,19,,1016,0,0,19
19961209-11:00,Haze,-5,0,0,,21,,1016,0,0,18
19961209-12:00,Smoke,-3,0,0,,29,,1016,0,0,15
19961209-15:00,Smoke,-1,0,0,,47,,1017,0,0,10
19961209-16:00,Smoke,1,0,0,,58,,1017,0,0,9
19961209-17:00,Smoke,-1,0,0,,50,,1018,0,0,9
19961209-18:00,Smoke,-2,0,0,,53,,1018,0,0,7
19961209-19:00,Smoke,-1,0,0,,53,,1017,0,0,8
19961209-20:00,Smoke,-1,0,0,,57,,1017,0,0,7
19961209-21:00,Smoke,-1,0,0,,57,,1016,0,0,7
19961209-22:00,Smoke,-2,0,0,,57,,1016,0,0,6
19961209-23:00,Smoke,0,0,0,,70,,1016,0,0,5
19961210-00:00,Smoke,-2,0,0,,65,,1016,0,0,4
19961210-01:00,Smoke,-3,0,0,,61,,1017,0,0,4
19961210-02:00,Smoke,-3,0,0,,57,,1018,0,0,5
19961210-03:00,Smoke,-3,0,0,,49,,1019,0,0,7
19961210-04:00,Smoke,-2,0,0,,38,,1019,0,0,12
19961210-05:00,Smoke,-2,0,0,,33,,1019,0,0,14
19961210-06:00,Smoke,-3,0,0,,26,,1019,0,0,17
19961210-07:00,Smoke,-4,0,0,,21,,1018,0,0,19
19961210-08:00,Smoke,6,0,0,,40,,1017,0,0,20
19961210-09:00,Haze,,0,0,,N/A,,-9999,0,0,
19961210-10:00,Smoke,-7,0,0,,15,,1016,0,0,21
19961210-11:00,Smoke,-7,0,0,,18,,1016,0,0,18
19961210-12:00,Smoke,-5,0,0,,22,,1016,0,0,17
19961210-13:00,Smoke,-4,0,0,,31,,1017,0,0,13
19961210-14:00,Smoke,-2,0,0,,38,,1017,0,0,12
19961210-15:00,Smoke,-1,0,0,,47,,1017,0,0,10
19961210-16:00,Smoke,-1,0,0,,50,,1017,0,0,9
19961210-17:00,Unknown,,0,0,,N/A,,1017,0,0,
19961210-18:00,Smoke,-1,0,0,,53,,1018,0,0,8
19961210-19:00,Smoke,-1,0,0,,53,,1017,0,0,8
19961210-20:00,Smoke,-1,0,0,,53,,1017,0,0,8
19961210-21:00,Smoke,-1,0,0,,61,,1017,0,0,6
19961210-22:00,Smoke,-2,0,0,,57,,1017,0,0,6
19961210-23:00,Smoke,-2,0,0,,61,,1017,0,0,5
19961211-00:00,Smoke,-3,0,0,,57,,1018,0,0,5
19961211-01:00,Smoke,-3,0,0,,57,,1019,0,0,5
19961211-02:00,Smoke,-3,0,0,,53,,1019,0,0,6
19961211-07:00,Unknown,,0,0,,N/A,,-9999,0,0,
19961211-08:00,Smoke,-2,0,0,,23,,1017,0,0,20
19961211-09:00,Smoke,-2,0,0,,21,,1016,0,0,21
19961211-10:00,Smoke,-3,0,0,,20,,1016,0,0,21
19961211-12:00,Smoke,0,0,0,,34,,1016,0,0,16
19961211-13:00,Smoke,1,0,0,,44,,1016,0,0,13
19961211-14:00,Smoke,1,0,0,,47,,1017,0,0,12
19961211-15:00,Smoke,1,0,0,,50,,1017,0,0,11
19961211-17:00,Smoke,1,0,0,,54,,1017,0,0,10
19961211-18:00,Smoke,1,0,0,,58,,1017,0,0,9
19961211-19:00,Smoke,1,0,0,,62,,1017,0,0,8
19961211-20:00,Smoke,2,0,0,,71,,1017,0,0,7
19961211-21:00,Smoke,1,0,0,,34,,1017,0,0,17
19961211-22:00,Smoke,1,0,0,,66,,1017,0,0,7
19961211-23:00,Smoke,1,0,0,,70,,1017,0,0,6
19961212-00:00,Smoke,1,0,0,,70,,1018,0,0,6
19961212-01:00,Smoke,0,0,0,,66,,1018,0,0,6
19961212-02:00,Smoke,1,0,0,,70,,1019,0,0,6
19961212-03:00,Smoke,0,0,0,,54,,1020,0,0,9
19961212-04:00,Smoke,0,0,0,,41,,1020,0,0,13
19961212-06:00,Smoke,-1,0,0,,28,,1019,0,0,18
19961212-07:00,Smoke,-2,0,0,,23,,1018,0,0,20
19961212-10:00,Smoke,-2,0,0,,21,,1016,0,0,21
19961212-13:00,Smoke,1,0,0,,39,,1017,0,0,15
19961212-14:00,Smoke,1,0,0,,41,,1017,0,0,14
19961212-15:00,Smoke,-1,0,0,,38,,1013,0,0,13
19961212-16:00,Smoke,1,0,0,,50,,1018,0,0,11
19961212-17:00,Smoke,1,0,0,,54,,1018,0,0,10
19961212-19:00,Smoke,,0,0,,N/A,,-9999,0,0,
19961212-20:00,Smoke,1,0,0,,62,,1017,0,0,8
19961212-22:00,Smoke,1,0,0,,66,,1017,0,0,7
19961212-23:00,Smoke,1,0,0,,66,,1017,0,0,7
19961213-00:00,Smoke,0,0,0,,66,,1017,0,0,6
19961213-01:00,Smoke,4,0,0,,87,,1018,0,0,6
19961213-02:00,Smoke,2,0,0,,66,,1019,0,0,8
19961213-03:00,Smoke,1,0,0,,54,,1020,0,0,10
19961213-04:00,Smoke,2,0,0,,51,,1020,0,0,12
19961213-05:00,Smoke,3,0,0,,42,,1020,0,0,16
19961213-06:00,Smoke,3,0,0,,39,,1019,0,0,17
19961213-07:00,Smoke,3,0,0,,35,,1018,0,0,19
19961213-08:00,Smoke,2,0,0,,30,,1017,0,0,20
19961213-09:00,Smoke,1,0,0,,27,,1017,0,0,21
19961213-10:00,Smoke,1,0,0,,27,,1016,0,0,21
19961213-11:00,Smoke,2,0,0,,32,,1016,0,0,19
19961213-12:00,Smoke,2,0,0,,39,,1016,0,0,16
19961213-13:00,Smoke,3,0,0,,48,,1016,0,0,14
19961213-15:00,Smoke,4,0,0,,58,,1017,0,0,12
19961213-17:00,Smoke,3,0,0,,54,,1017,0,0,12
19961213-18:00,Smoke,3,0,0,,62,,1017,0,0,10
19961213-19:00,Smoke,4,0,0,,71,,1017,0,0,9
19961213-21:00,Smoke,3,0,0,,76,,1017,0,0,7
19961213-22:00,Smoke,3,0,0,,76,,-9999,0,0,7
19961213-23:00,Smoke,4,0,0,,81,,1016,0,0,7
19961214-00:00,Shallow Fog,4,1,0,,81,,1017,0,0,7
19961214-01:00,Shallow Fog,4,1,0,,81,,1017,0,0,7
19961214-02:00,Smoke,3,0,0,,71,,1017,0,0,8
19961214-03:00,Smoke,2,0,0,,62,,1018,0,0,9
19961214-04:00,Smoke,2,0,0,,51,,1018,0,0,12
19961214-05:00,Smoke,3,0,0,,45,,1018,0,0,15
19961214-06:00,Smoke,3,0,0,,37,,-9999,0,0,18
19961214-07:00,Smoke,2,0,0,,32,,1016,0,0,19
19961214-08:00,Smoke,2,0,0,,30,,1015,0,0,20
19961214-09:00,Smoke,2,0,0,,28,,1014,0,0,21
19961214-10:00,Smoke,2,0,0,,28,,1014,0,0,21
19961214-11:00,Smoke,3,0,0,,35,,1014,0,0,19
19961214-12:00,Smoke,4,0,0,,45,,1014,0,0,16
19961214-13:00,Smoke,4,0,0,,51,,1014,0,0,14
19961214-14:00,Smoke,4,0,0,,54,,1014,0,0,13
19961214-16:00,Smoke,4,0,0,,66,,1015,0,0,10
19961214-17:00,Smoke,3,0,0,,62,,1015,0,0,10
19961214-19:00,Smoke,2,0,0,,66,,1014,0,0,8
19961214-20:00,Smoke,3,0,0,,71,,1014,0,0,8
19961214-21:00,Smoke,2,0,0,,71,,1014,0,0,7
19961214-22:00,Smoke,1,0,0,,66,,1014,0,0,7
19961214-23:00,Smoke,-1,0,0,,57,,1014,0,0,7
19961215-00:00,Smoke,0,0,0,,66,,1014,0,0,6
19961215-01:00,Smoke,1,0,0,,76,,1014,0,0,5
19961215-02:00,Smoke,1,0,0,,70,,1015,0,0,6
19961215-03:00,Smoke,1,0,0,,58,,1016,0,0,9
19961215-04:00,Smoke,2,0,0,,47,,-9999,0,0,13
19961215-05:00,Smoke,2,0,0,,39,,1016,0,0,16
19961215-08:00,Smoke,0,0,0,,25,,1013,0,0,21
19961215-10:00,Smoke,1,0,0,,27,,1012,0,0,21
19961215-11:00,Smoke,3,0,0,,35,,1012,0,0,19
19961215-12:00,Smoke,3,0,0,,42,,1012,0,0,16
19961215-13:00,Smoke,3,0,0,,45,,1013,0,0,15
19961215-14:00,Smoke,3,0,0,,48,,1014,0,0,14
19961215-15:00,Smoke,3,0,0,,54,,1014,0,0,12
19961215-16:00,Smoke,3,0,0,,54,,1014,0,0,12
19961215-17:00,Smoke,2,0,0,,51,,1014,0,0,12
19961215-18:00,Smoke,2,0,0,,51,,1014,0,0,12
19961215-20:00,Smoke,2,0,0,,58,,-9999,0,0,10
19961215-21:00,Smoke,2,0,0,,62,,1014,0,0,9
19961215-22:00,Smoke,2,0,0,,66,,1014,0,0,8
19961216-00:00,Smoke,2,0,0,,66,,1015,0,0,8
19961216-01:00,Smoke,0,0,0,,61,,1015,0,0,7
19961216-02:00,Smoke,0,0,0,,50,,1016,0,0,10
19961216-03:00,Smoke,0,0,0,,44,,1017,0,0,12
19961216-05:00,Smoke,1,0,0,,34,,1017,0,0,17
19961216-06:00,Smoke,2,0,0,,30,,1017,0,0,20
19961216-07:00,Smoke,-1,0,0,,23,,1016,0,0,21
19961216-08:00,Smoke,-2,0,0,,20,,1015,0,0,22
19961216-09:00,Smoke,-1,0,0,,20,,1015,0,0,23
19961216-10:00,Smoke,0,0,0,,23,,1014,0,0,22
19961216-11:00,Smoke,1,0,0,,27,,1014,0,0,21
19961216-12:00,Smoke,4,0,0,,48,,1015,0,0,15
19961216-13:00,Smoke,4,0,0,,48,,1016,0,0,15
19961216-14:00,Smoke,3,0,0,,51,,1017,0,0,13
19961216-15:00,Smoke,2,0,0,,44,,1017,0,0,14
19961216-16:00,Smoke,2,0,0,,47,,1017,0,0,13
19961216-17:00,Smoke,1,0,0,,44,,1018,0,0,13
19961216-18:00,Smoke,2,0,0,,54,,1018,0,0,11
19961216-19:00,Smoke,1,0,0,,47,,1017,0,0,12
19961216-20:00,Smoke,0,0,0,,44,,1018,0,0,12
19961216-21:00,Smoke,2,0,0,,54,,-9999,0,0,11
19961216-22:00,Smoke,4,0,0,,66,,1018,0,0,10
19961216-23:00,Smoke,4,0,0,,76,,1018,0,0,8
19961217-00:00,Shallow Fog,5,1,0,,81,,1018,0,0,8
19961217-01:00,Shallow Fog,5,1,0,,76,,1019,0,0,9
19961217-02:00,Smoke,4,0,0,,62,,1020,0,0,11
19961217-03:00,Smoke,5,0,0,,45,,1020,0,0,17
19961217-05:00,Smoke,4,0,0,,33,,1021,0,0,21
19961217-06:00,Smoke,5,0,0,,35,,1020,0,0,21
19961217-07:00,Smoke,3,0,0,,27,,1019,0,0,23
19961217-08:00,Smoke,2,0,0,,25,,1019,0,0,23
19961217-09:00,Smoke,2,0,0,,25,,1018,0,0,23
19961217-10:00,Smoke,-1,0,0,,20,,1017,0,0,23
19961217-11:00,Smoke,2,0,0,,28,,1017,0,0,21
19961217-13:00,Smoke,7,0,0,,52,,1019,0,0,17
19961217-14:00,Smoke,7,0,0,,63,,1019,0,0,14
19961217-15:00,Smoke,0,0,0,,41,,1019,0,0,13
19961217-16:00,Smoke,6,0,0,,67,,1019,0,0,12
19961217-17:00,Smoke,6,0,0,,67,,1019,0,0,12
19961217-18:00,Smoke,5,0,0,,76,,1019,0,0,9
19961217-19:00,Smoke,5,0,0,,76,,1018,0,0,9
19961217-20:00,Shallow Fog,6,1,0,,82,,1018,0,0,9
19961217-21:00,Shallow Fog,5,1,0,,81,,1018,0,0,8
19961217-22:00,Shallow Fog,5,1,0,,76,,1018,0,0,9
19961217-23:00,Shallow Fog,6,1,0,,87,,1018,0,0,8
19961218-00:00,Shallow Fog,,1,0,,N/A,,1018,0,0,
19961218-01:00,Shallow Fog,5,1,0,,81,,1018,0,0,8
19961218-02:00,Shallow Fog,,1,0,,N/A,,1019,0,0,
19961218-03:00,Smoke,4,0,0,,62,,1020,0,0,11
19961218-04:00,Smoke,5,0,0,,45,,1020,0,0,17
19961218-05:00,Smoke,5,0,0,,55,,1020,0,0,14
19961218-06:00,Smoke,5,0,0,,45,,1019,0,0,17
19961218-07:00,Smoke,3,0,0,,35,,1018,0,0,19
19961218-08:00,Smoke,2,0,0,,30,,1017,0,0,20
19961218-09:00,Smoke,2,0,0,,30,,1016,0,0,20
19961218-10:00,Smoke,2,0,0,,30,,1016,0,0,20
19961218-11:00,Smoke,3,0,0,,35,,1016,0,0,19
19961218-12:00,Smoke,3,0,0,,42,,1017,0,0,16
19961218-13:00,Smoke,4,0,0,,51,,1017,0,0,14
19961218-14:00,Smoke,4,0,0,,54,,1018,0,0,13
19961218-15:00,Smoke,5,0,0,,67,,1019,0,0,11
19961218-16:00,Smoke,5,0,0,,71,,1019,0,0,10
19961218-17:00,Smoke,5,0,0,,67,,1019,0,0,11
19961218-18:00,Smoke,5,0,0,,71,,1019,0,0,10
19961218-19:00,Smoke,5,0,0,,81,,1019,0,0,8
19961218-20:00,Smoke,5,0,0,,76,,1019,0,0,9
19961218-21:00,Clear,5,0,0,,81,,1019,0,0,8
19961218-22:00,Shallow Fog,5,1,0,,87,,1019,0,0,7
19961218-23:00,Shallow Fog,5,1,0,,87,,1019,0,0,7
19961219-01:00,Smoke,4,0,0,,81,,1019,0,0,7
19961219-03:00,Smoke,3,0,0,,66,,1021,0,0,9
19961219-05:00,Smoke,5,0,0,,51,,1021,0,0,15
19961219-06:00,Smoke,5,0,0,,42,,1021,0,0,18
19961219-07:00,Smoke,4,0,0,,37,,1019,0,0,19
19961219-08:00,Smoke,4,0,0,,37,,1018,0,0,19
